c#Cluster,m#doname
C4,1.txt
C1,10.txt
C3,100.txt
C2,1000.txt
C1,1001.txt
C1,1002.txt
C1,1003.txt
C7,1004.txt
C4,1005.txt
C1,1006.txt
C4,1007.txt
C5,1008.txt
C9,1009.txt
C1,101.txt
C3,1010.txt
C1,1011.txt
C7,1012.txt
C5,1013.txt
C1,1014.txt
C1,1015.txt
C8,1016.txt
C10,1017.txt
C9,1018.txt
C8,1019.txt
C3,102.txt
C6,1020.txt
C10,1021.txt
C10,1022.txt
C3,1023.txt
C5,1024.txt
C2,1025.txt
C10,1026.txt
C7,1027.txt
C10,1028.txt
C10,1029.txt
C8,103.txt
C4,1030.txt
C10,1031.txt
C7,1032.txt
C8,1033.txt
C3,1034.txt
C3,1035.txt
C1,1036.txt
C4,1037.txt
C5,1038.txt
C8,1039.txt
C4,104.txt
C7,1040.txt
C5,1041.txt
C5,1042.txt
C4,1043.txt
C5,1044.txt
C3,1045.txt
C5,1046.txt
C3,1047.txt
C1,1048.txt
C7,1049.txt
C4,105.txt
C9,1050.txt
C2,1051.txt
C3,1052.txt
C1,1053.txt
C10,1054.txt
C4,1055.txt
C8,1056.txt
C7,1057.txt
C3,1058.txt
C8,1059.txt
C2,106.txt
C7,1060.txt
C9,1061.txt
C6,1062.txt
C9,1063.txt
C2,1064.txt
C8,1065.txt
C2,1066.txt
C6,1067.txt
C9,1068.txt
C5,1069.txt
C1,107.txt
C5,1070.txt
C3,1071.txt
C10,1072.txt
C5,1073.txt
C5,1074.txt
C5,1075.txt
C8,1076.txt
C5,1077.txt
C9,1078.txt
C7,1079.txt
C3,108.txt
C10,1080.txt
C7,1081.txt
C4,1082.txt
C8,1083.txt
C3,1084.txt
C4,1085.txt
C6,1086.txt
C7,1087.txt
C6,1088.txt
C2,1089.txt
C1,109.txt
C9,1090.txt
C3,1091.txt
C6,1092.txt
C5,1093.txt
C7,1094.txt
C6,1095.txt
C6,1096.txt
C8,1097.txt
C8,1098.txt
C5,1099.txt
C4,11.txt
C1,110.txt
C7,1100.txt
C1,1101.txt
C8,1102.txt
C7,1103.txt
C6,1104.txt
C7,1105.txt
C3,1106.txt
C10,1107.txt
C10,1108.txt
C5,1109.txt
C1,111.txt
C5,1110.txt
C10,1111.txt
C3,1112.txt
C4,1113.txt
C8,1114.txt
C6,1115.txt
C7,1116.txt
C8,1117.txt
C7,1118.txt
C8,1119.txt
C4,112.txt
C1,1120.txt
C3,1121.txt
C1,1122.txt
C4,1123.txt
C3,1124.txt
C2,1125.txt
C8,1126.txt
C1,1127.txt
C5,1128.txt
C8,1129.txt
C8,113.txt
C1,1130.txt
C8,1131.txt
C8,1132.txt
C8,1133.txt
C2,1134.txt
C8,1135.txt
C3,1136.txt
C3,1137.txt
C3,1138.txt
C3,1139.txt
C5,114.txt
C8,1140.txt
C6,1141.txt
C8,1142.txt
C1,1143.txt
C7,1144.txt
C4,1145.txt
C8,1146.txt
C10,1147.txt
C5,1148.txt
C4,1149.txt
C4,115.txt
C9,1150.txt
C8,1151.txt
C8,1152.txt
C5,1153.txt
C8,1154.txt
C4,1155.txt
C6,1156.txt
C7,1157.txt
C2,1158.txt
C5,1159.txt
C7,116.txt
C6,1160.txt
C6,1161.txt
C9,1162.txt
C3,1163.txt
C7,1164.txt
C3,1165.txt
C4,1166.txt
C6,1167.txt
C6,1168.txt
C3,1169.txt
C4,117.txt
C4,1170.txt
C6,1171.txt
C5,1172.txt
C3,1173.txt
C6,1174.txt
C10,1175.txt
C4,1176.txt
C7,1177.txt
C8,1178.txt
C3,1179.txt
C9,118.txt
C5,1180.txt
C2,1181.txt
C8,1182.txt
C6,1183.txt
C2,1184.txt
C9,1185.txt
C6,1186.txt
C3,1187.txt
C4,1188.txt
C1,1189.txt
C3,119.txt
C5,1190.txt
C5,1191.txt
C9,1192.txt
C3,1193.txt
C8,1194.txt
C1,1195.txt
C5,1196.txt
C7,1197.txt
C5,1198.txt
C6,1199.txt
C7,12.txt
C2,120.txt
C3,1200.txt
C3,1201.txt
C1,1202.txt
C2,1203.txt
C3,1204.txt
C3,1205.txt
C7,1206.txt
C7,1207.txt
C6,1208.txt
C4,1209.txt
C1,121.txt
C10,1210.txt
C2,1211.txt
C5,1212.txt
C3,1213.txt
C2,1214.txt
C1,1215.txt
C8,1216.txt
C9,1217.txt
C3,1218.txt
C1,1219.txt
C3,122.txt
C7,1220.txt
C9,1221.txt
C4,1222.txt
C9,1223.txt
C9,1224.txt
C4,1225.txt
C8,1226.txt
C1,1227.txt
C9,1228.txt
C6,1229.txt
C3,123.txt
C4,1230.txt
C3,1231.txt
C9,1232.txt
C4,1233.txt
C4,1234.txt
C8,1235.txt
C3,1236.txt
C5,1237.txt
C3,1238.txt
C8,1239.txt
C7,124.txt
C1,1240.txt
C1,1241.txt
C8,1242.txt
C4,1243.txt
C9,1244.txt
C4,1245.txt
C4,1246.txt
C3,1247.txt
C1,1248.txt
C5,1249.txt
C7,125.txt
C4,1250.txt
C3,1251.txt
C6,1252.txt
C10,1253.txt
C7,1254.txt
C1,1255.txt
C8,1256.txt
C3,1257.txt
C2,1258.txt
C1,1259.txt
C3,126.txt
C7,127.txt
C5,128.txt
C4,129.txt
C7,13.txt
C10,130.txt
C3,131.txt
C4,132.txt
C1,133.txt
C6,134.txt
C3,135.txt
C1,136.txt
C1,137.txt
C8,138.txt
C4,139.txt
C1,14.txt
C3,140.txt
C4,141.txt
C2,142.txt
C10,143.txt
C4,144.txt
C4,145.txt
C4,146.txt
C4,147.txt
C4,148.txt
C9,149.txt
C8,15.txt
C9,150.txt
C7,151.txt
C4,152.txt
C7,153.txt
C10,154.txt
C3,155.txt
C4,156.txt
C5,157.txt
C9,158.txt
C10,159.txt
C5,16.txt
C8,160.txt
C1,161.txt
C4,162.txt
C4,163.txt
C3,164.txt
C3,165.txt
C1,166.txt
C6,167.txt
C6,168.txt
C9,169.txt
C9,17.txt
C10,170.txt
C3,171.txt
C8,172.txt
C7,173.txt
C8,174.txt
C3,175.txt
C4,176.txt
C2,177.txt
C8,178.txt
C1,179.txt
C7,18.txt
C4,180.txt
C1,181.txt
C1,182.txt
C10,183.txt
C2,184.txt
C4,185.txt
C8,186.txt
C1,187.txt
C1,188.txt
C5,189.txt
C1,19.txt
C8,190.txt
C3,191.txt
C5,192.txt
C10,193.txt
C2,194.txt
C6,195.txt
C8,196.txt
C8,197.txt
C1,198.txt
C4,199.txt
C7,2.txt
C1,20.txt
C2,200.txt
C10,201.txt
C7,202.txt
C4,203.txt
C7,204.txt
C4,205.txt
C2,206.txt
C9,207.txt
C7,208.txt
C9,209.txt
C3,21.txt
C4,210.txt
C3,211.txt
C8,212.txt
C4,213.txt
C8,214.txt
C7,215.txt
C3,216.txt
C3,217.txt
C5,218.txt
C4,219.txt
C1,22.txt
C8,220.txt
C9,221.txt
C2,222.txt
C2,223.txt
C3,224.txt
C8,225.txt
C8,226.txt
C6,227.txt
C7,228.txt
C2,229.txt
C9,23.txt
C7,230.txt
C4,231.txt
C4,232.txt
C5,233.txt
C5,234.txt
C2,235.txt
C3,236.txt
C1,237.txt
C8,238.txt
C3,239.txt
C4,24.txt
C6,240.txt
C8,241.txt
C5,242.txt
C2,243.txt
C5,244.txt
C5,245.txt
C2,246.txt
C2,247.txt
C2,248.txt
C2,249.txt
C7,25.txt
C3,250.txt
C2,251.txt
C5,252.txt
C2,253.txt
C8,254.txt
C7,255.txt
C2,256.txt
C4,257.txt
C6,258.txt
C1,259.txt
C7,26.txt
C10,260.txt
C2,261.txt
C8,262.txt
C4,263.txt
C7,264.txt
C5,265.txt
C8,266.txt
C5,267.txt
C5,268.txt
C2,269.txt
C4,27.txt
C5,270.txt
C9,271.txt
C10,272.txt
C7,273.txt
C2,274.txt
C8,275.txt
C7,276.txt
C3,277.txt
C2,278.txt
C2,279.txt
C7,28.txt
C2,280.txt
C3,281.txt
C8,282.txt
C3,283.txt
C3,284.txt
C1,285.txt
C3,286.txt
C10,287.txt
C8,288.txt
C3,289.txt
C1,29.txt
C2,290.txt
C3,291.txt
C6,292.txt
C1,293.txt
C4,294.txt
C8,295.txt
C3,296.txt
C6,297.txt
C2,298.txt
C8,299.txt
C9,3.txt
C10,30.txt
C4,300.txt
C3,301.txt
C5,302.txt
C9,303.txt
C3,304.txt
C7,305.txt
C5,306.txt
C6,307.txt
C5,308.txt
C3,309.txt
C2,31.txt
C2,310.txt
C3,311.txt
C6,312.txt
C6,313.txt
C4,314.txt
C2,315.txt
C2,316.txt
C5,317.txt
C10,318.txt
C1,319.txt
C5,32.txt
C5,320.txt
C3,321.txt
C3,322.txt
C7,323.txt
C8,324.txt
C2,325.txt
C8,326.txt
C3,327.txt
C4,328.txt
C10,329.txt
C8,33.txt
C3,330.txt
C3,331.txt
C8,332.txt
C7,333.txt
C5,334.txt
C7,335.txt
C5,336.txt
C4,337.txt
C10,338.txt
C7,339.txt
C2,34.txt
C4,340.txt
C8,341.txt
C8,342.txt
C4,343.txt
C10,344.txt
C5,345.txt
C7,346.txt
C5,347.txt
C10,348.txt
C1,349.txt
C5,35.txt
C8,350.txt
C5,351.txt
C5,352.txt
C3,353.txt
C10,354.txt
C3,355.txt
C5,356.txt
C3,357.txt
C7,358.txt
C3,359.txt
C1,36.txt
C10,360.txt
C2,361.txt
C2,362.txt
C7,363.txt
C4,364.txt
C7,365.txt
C10,366.txt
C5,367.txt
C8,368.txt
C6,369.txt
C9,37.txt
C6,370.txt
C2,371.txt
C7,372.txt
C7,373.txt
C7,374.txt
C9,375.txt
C4,376.txt
C3,377.txt
C7,378.txt
C1,379.txt
C3,38.txt
C6,380.txt
C2,381.txt
C4,382.txt
C1,383.txt
C4,384.txt
C2,385.txt
C4,386.txt
C3,387.txt
C4,388.txt
C2,389.txt
C10,39.txt
C6,390.txt
C5,391.txt
C10,392.txt
C7,393.txt
C4,394.txt
C7,395.txt
C7,396.txt
C6,397.txt
C3,398.txt
C9,399.txt
C5,4.txt
C5,40.txt
C5,400.txt
C6,401.txt
C5,402.txt
C5,403.txt
C5,404.txt
C5,405.txt
C4,406.txt
C5,407.txt
C6,408.txt
C9,409.txt
C9,41.txt
C1,410.txt
C5,411.txt
C9,412.txt
C2,413.txt
C1,414.txt
C5,415.txt
C7,416.txt
C2,417.txt
C1,418.txt
C1,419.txt
C1,42.txt
C5,420.txt
C4,421.txt
C5,422.txt
C1,423.txt
C6,424.txt
C5,425.txt
C6,426.txt
C5,427.txt
C8,428.txt
C5,429.txt
C4,43.txt
C1,430.txt
C5,431.txt
C7,432.txt
C8,433.txt
C3,434.txt
C7,435.txt
C9,436.txt
C7,437.txt
C9,438.txt
C7,439.txt
C4,44.txt
C5,440.txt
C3,441.txt
C3,442.txt
C3,443.txt
C3,444.txt
C2,445.txt
C8,446.txt
C5,447.txt
C9,448.txt
C7,449.txt
C10,45.txt
C1,450.txt
C4,451.txt
C8,452.txt
C8,453.txt
C8,454.txt
C8,455.txt
C1,456.txt
C9,457.txt
C2,458.txt
C7,459.txt
C10,46.txt
C9,460.txt
C9,461.txt
C4,462.txt
C9,463.txt
C3,464.txt
C8,465.txt
C2,466.txt
C8,467.txt
C1,468.txt
C6,469.txt
C3,47.txt
C9,470.txt
C9,471.txt
C6,472.txt
C5,473.txt
C4,474.txt
C10,475.txt
C4,476.txt
C1,477.txt
C5,478.txt
C1,479.txt
C4,48.txt
C1,480.txt
C9,481.txt
C8,482.txt
C5,483.txt
C1,484.txt
C8,485.txt
C4,486.txt
C5,487.txt
C3,488.txt
C5,489.txt
C10,49.txt
C3,490.txt
C7,491.txt
C10,492.txt
C10,493.txt
C10,494.txt
C4,495.txt
C3,496.txt
C5,497.txt
C7,498.txt
C5,499.txt
C9,5.txt
C9,50.txt
C3,500.txt
C7,501.txt
C7,502.txt
C7,503.txt
C1,504.txt
C9,505.txt
C7,506.txt
C5,507.txt
C7,508.txt
C6,509.txt
C8,51.txt
C9,510.txt
C1,511.txt
C2,512.txt
C2,513.txt
C10,514.txt
C6,515.txt
C3,516.txt
C5,517.txt
C10,518.txt
C1,519.txt
C8,52.txt
C10,520.txt
C5,521.txt
C8,522.txt
C8,523.txt
C5,524.txt
C1,525.txt
C9,526.txt
C3,527.txt
C2,528.txt
C9,529.txt
C4,53.txt
C7,530.txt
C5,531.txt
C9,532.txt
C3,533.txt
C8,534.txt
C3,535.txt
C2,536.txt
C10,537.txt
C1,538.txt
C3,539.txt
C4,54.txt
C3,540.txt
C6,541.txt
C3,542.txt
C4,543.txt
C4,544.txt
C9,545.txt
C3,546.txt
C9,547.txt
C6,548.txt
C3,549.txt
C1,55.txt
C4,550.txt
C5,551.txt
C1,552.txt
C8,553.txt
C9,554.txt
C4,555.txt
C8,556.txt
C2,557.txt
C9,558.txt
C9,559.txt
C7,56.txt
C8,560.txt
C10,561.txt
C5,562.txt
C6,563.txt
C8,564.txt
C5,565.txt
C9,566.txt
C1,567.txt
C4,568.txt
C6,569.txt
C5,57.txt
C3,570.txt
C8,571.txt
C10,572.txt
C6,573.txt
C8,574.txt
C5,575.txt
C10,576.txt
C10,577.txt
C7,578.txt
C9,579.txt
C3,58.txt
C3,580.txt
C5,581.txt
C5,582.txt
C7,583.txt
C5,584.txt
C8,585.txt
C5,586.txt
C2,587.txt
C3,588.txt
C6,589.txt
C7,59.txt
C1,590.txt
C8,591.txt
C6,592.txt
C1,593.txt
C6,594.txt
C8,595.txt
C8,596.txt
C5,597.txt
C8,598.txt
C5,599.txt
C5,6.txt
C1,60.txt
C9,600.txt
C7,601.txt
C10,602.txt
C3,603.txt
C1,604.txt
C6,605.txt
C8,606.txt
C6,607.txt
C6,608.txt
C2,609.txt
C7,61.txt
C1,610.txt
C1,611.txt
C10,612.txt
C3,613.txt
C6,614.txt
C7,615.txt
C1,616.txt
C3,617.txt
C9,618.txt
C4,619.txt
C3,62.txt
C4,620.txt
C5,621.txt
C8,622.txt
C8,623.txt
C9,624.txt
C3,625.txt
C3,626.txt
C4,627.txt
C1,628.txt
C5,629.txt
C9,63.txt
C5,630.txt
C6,631.txt
C10,632.txt
C8,633.txt
C10,634.txt
C10,635.txt
C7,636.txt
C8,637.txt
C7,638.txt
C4,639.txt
C2,64.txt
C6,640.txt
C4,641.txt
C1,642.txt
C9,643.txt
C9,644.txt
C2,645.txt
C8,646.txt
C4,647.txt
C8,648.txt
C1,649.txt
C3,65.txt
C5,650.txt
C1,651.txt
C8,652.txt
C6,653.txt
C8,654.txt
C8,655.txt
C8,656.txt
C2,657.txt
C5,658.txt
C5,659.txt
C7,66.txt
C9,660.txt
C5,661.txt
C1,662.txt
C10,663.txt
C3,664.txt
C5,665.txt
C10,666.txt
C9,667.txt
C1,668.txt
C10,669.txt
C10,67.txt
C5,670.txt
C4,671.txt
C1,672.txt
C8,673.txt
C10,674.txt
C10,675.txt
C7,676.txt
C8,677.txt
C1,678.txt
C4,679.txt
C7,68.txt
C3,680.txt
C3,681.txt
C8,682.txt
C3,683.txt
C3,684.txt
C1,685.txt
C3,686.txt
C10,687.txt
C6,688.txt
C3,689.txt
C4,69.txt
C9,690.txt
C4,691.txt
C1,692.txt
C10,693.txt
C10,694.txt
C5,695.txt
C8,696.txt
C1,697.txt
C4,698.txt
C1,699.txt
C1,7.txt
C4,70.txt
C1,700.txt
C8,701.txt
C5,702.txt
C9,703.txt
C5,704.txt
C9,705.txt
C10,706.txt
C9,707.txt
C5,708.txt
C7,709.txt
C1,71.txt
C9,710.txt
C9,711.txt
C9,712.txt
C4,713.txt
C10,714.txt
C5,715.txt
C9,716.txt
C9,717.txt
C9,718.txt
C9,719.txt
C1,72.txt
C7,720.txt
C5,721.txt
C10,722.txt
C7,723.txt
C9,724.txt
C8,725.txt
C7,726.txt
C6,727.txt
C6,728.txt
C5,729.txt
C3,73.txt
C6,730.txt
C4,731.txt
C4,732.txt
C8,733.txt
C8,734.txt
C3,735.txt
C6,736.txt
C10,737.txt
C3,738.txt
C3,739.txt
C9,74.txt
C1,740.txt
C10,741.txt
C7,742.txt
C3,743.txt
C1,744.txt
C4,745.txt
C5,746.txt
C2,747.txt
C5,748.txt
C8,749.txt
C5,75.txt
C10,750.txt
C4,751.txt
C10,752.txt
C2,753.txt
C1,754.txt
C7,755.txt
C7,756.txt
C9,757.txt
C1,758.txt
C5,759.txt
C7,76.txt
C7,760.txt
C5,761.txt
C5,762.txt
C6,763.txt
C1,764.txt
C1,765.txt
C5,766.txt
C5,767.txt
C7,768.txt
C10,769.txt
C10,77.txt
C9,770.txt
C7,771.txt
C9,772.txt
C8,773.txt
C1,774.txt
C4,775.txt
C9,776.txt
C7,777.txt
C8,778.txt
C10,779.txt
C7,78.txt
C5,780.txt
C2,781.txt
C10,782.txt
C4,783.txt
C10,784.txt
C5,785.txt
C5,786.txt
C8,787.txt
C1,788.txt
C6,789.txt
C1,79.txt
C9,790.txt
C4,791.txt
C10,792.txt
C10,793.txt
C5,794.txt
C5,795.txt
C1,796.txt
C3,797.txt
C6,798.txt
C4,799.txt
C4,8.txt
C8,80.txt
C8,800.txt
C10,801.txt
C7,802.txt
C4,803.txt
C4,804.txt
C4,805.txt
C5,806.txt
C3,807.txt
C7,808.txt
C2,809.txt
C9,81.txt
C1,810.txt
C10,811.txt
C9,812.txt
C4,813.txt
C5,814.txt
C7,815.txt
C1,816.txt
C7,817.txt
C7,818.txt
C3,819.txt
C6,82.txt
C9,820.txt
C3,821.txt
C1,822.txt
C10,823.txt
C5,824.txt
C1,825.txt
C1,826.txt
C9,827.txt
C9,828.txt
C9,829.txt
C8,83.txt
C9,830.txt
C7,831.txt
C7,832.txt
C9,833.txt
C6,834.txt
C4,835.txt
C3,836.txt
C1,837.txt
C1,838.txt
C3,839.txt
C4,84.txt
C2,840.txt
C6,841.txt
C9,842.txt
C4,843.txt
C4,844.txt
C9,845.txt
C10,846.txt
C6,847.txt
C5,848.txt
C9,849.txt
C2,85.txt
C10,850.txt
C10,851.txt
C10,852.txt
C9,853.txt
C9,854.txt
C10,855.txt
C3,856.txt
C7,857.txt
C7,858.txt
C7,859.txt
C3,86.txt
C9,860.txt
C4,861.txt
C7,862.txt
C4,863.txt
C1,864.txt
C1,865.txt
C7,866.txt
C8,867.txt
C3,868.txt
C5,869.txt
C9,87.txt
C4,870.txt
C4,871.txt
C6,872.txt
C5,873.txt
C7,874.txt
C5,875.txt
C9,876.txt
C9,877.txt
C8,878.txt
C9,879.txt
C5,88.txt
C9,880.txt
C9,881.txt
C5,882.txt
C6,883.txt
C10,884.txt
C10,885.txt
C4,886.txt
C3,887.txt
C10,888.txt
C1,889.txt
C7,89.txt
C5,890.txt
C9,891.txt
C3,892.txt
C3,893.txt
C9,894.txt
C2,895.txt
C6,896.txt
C3,897.txt
C8,898.txt
C9,899.txt
C5,9.txt
C2,90.txt
C1,900.txt
C8,901.txt
C9,902.txt
C9,903.txt
C7,904.txt
C10,905.txt
C10,906.txt
C8,907.txt
C7,908.txt
C10,909.txt
C5,91.txt
C1,910.txt
C2,911.txt
C1,912.txt
C6,913.txt
C4,914.txt
C10,915.txt
C2,916.txt
C9,917.txt
C10,918.txt
C2,919.txt
C7,92.txt
C9,920.txt
C9,921.txt
C10,922.txt
C7,923.txt
C7,924.txt
C3,925.txt
C1,926.txt
C4,927.txt
C7,928.txt
C9,929.txt
C7,93.txt
C10,930.txt
C5,931.txt
C8,932.txt
C9,933.txt
C7,934.txt
C1,935.txt
C8,936.txt
C6,937.txt
C1,938.txt
C1,939.txt
C1,94.txt
C5,940.txt
C3,941.txt
C7,942.txt
C5,943.txt
C6,944.txt
C5,945.txt
C8,946.txt
C8,947.txt
C1,948.txt
C5,949.txt
C10,95.txt
C7,950.txt
C7,951.txt
C1,952.txt
C2,953.txt
C7,954.txt
C2,955.txt
C9,956.txt
C5,957.txt
C3,958.txt
C9,959.txt
C5,96.txt
C7,960.txt
C10,961.txt
C3,962.txt
C9,963.txt
C10,964.txt
C7,965.txt
C6,966.txt
C3,967.txt
C8,968.txt
C1,969.txt
C3,97.txt
C1,970.txt
C1,971.txt
C1,972.txt
C3,973.txt
C10,974.txt
C3,975.txt
C1,976.txt
C3,977.txt
C1,978.txt
C3,979.txt
C1,98.txt
C4,980.txt
C3,981.txt
C3,982.txt
C6,983.txt
C6,984.txt
C7,985.txt
C8,986.txt
C5,987.txt
C2,988.txt
C5,989.txt
C3,99.txt
C6,990.txt
C2,991.txt
C8,992.txt
C2,993.txt
C7,994.txt
C3,995.txt
C3,996.txt
C9,997.txt
C5,998.txt
C6,999.txt
